{"cameraMode":{"drawMode":0,"name":"Shaded","section":"Shading Mode"},"sceneLighting":true,"audioPlay":false,"sceneViewState":{"showFog":true,"showMaterialUpdate":false,"showSkybox":true,"showFlares":true,"showImageEffects":true,"showParticleSystems":true},"in2DMode":false,"pivot":{"x":-156.5234832763672,"y":-127.21780395507813,"z":105.31694030761719},"rotation":{"x":-0.2599863111972809,"y":0.4628566801548004,"z":-0.14409668743610383,"w":-0.8351089954376221},"size":244.77552795410157,"orthographic":false}