{"cameraMode":{"drawMode":0,"name":"Shaded","section":"Shading Mode"},"sceneLighting":false,"audioPlay":false,"sceneViewState":{"showFog":true,"showMaterialUpdate":false,"showSkybox":true,"showFlares":true,"showImageEffects":true,"showParticleSystems":true},"in2DMode":false,"pivot":{"x":0.5365591645240784,"y":4.925174713134766,"z":-1.2637829780578614},"rotation":{"x":0.01771094836294651,"y":0.979697585105896,"z":-0.1725216805934906,"w":0.10057517141103745},"size":22.0,"orthographic":false}