{"cameraMode":{"drawMode":0,"name":"Shaded","section":"Shading Mode"},"sceneLighting":true,"audioPlay":false,"sceneViewState":{"showFog":true,"showMaterialUpdate":true,"showSkybox":true,"showFlares":true,"showImageEffects":true,"showParticleSystems":true},"in2DMode":false,"pivot":{"x":5.365793228149414,"y":0.2736496925354004,"z":-1.6687777042388917},"rotation":{"x":0.23857544362545014,"y":0.7606533169746399,"z":-0.4460872709751129,"w":0.40681004524230959},"size":5.192899227142334,"orthographic":false}