{"cameraMode":{"drawMode":0,"name":"Shaded","section":"Shading Mode"},"sceneLighting":true,"audioPlay":false,"sceneViewState":{"showFog":true,"showMaterialUpdate":true,"showSkybox":true,"showFlares":true,"showImageEffects":true,"showParticleSystems":true},"in2DMode":false,"pivot":{"x":5.935490608215332,"y":-0.07633352279663086,"z":-6.700887680053711},"rotation":{"x":-0.039382483810186389,"y":-0.9606024026870728,"z":0.19722582399845124,"w":-0.19181756675243379},"size":7.199422359466553,"orthographic":false}